{
  "dataset":
    {
      "id": "CAT01902019",
      "type": {
        "enum": "Biobank, Registries,Services,Documents"
      },
      "spatial": {
        "location": {
          "id": "LOC_8697",
          "streetAddress": "",
          "city": "Brussels",
          "country": "Germany",
          "continent": " EU",
          "region": {
            "enum": "international , Europe "
          }
        }
      },
      "wasGeneratedBy": "EJPRD EU",
      "distribution": "International"
    }
}

