{
  "*": {
    "id": "CAT0190",
    "accessRights": "<https://ejprd.fair-dtls.surf-hosted.nl/orphanet-catalog-fdp/biobank/66ad4dbd-4da5-449f-9f0a-6609bd9dda5f#accessRights> ",
    "conformsTo": "OPEN Rule",
    "contactPoint": "<mailto:contact.orphanet@inserm.fr> ",
    "resourceCreator": {
      "person": {
        "id": "EBI09394092020",
        "surname": "John",
        "firstname": "Mathew",
        "workInfoHomepage": "www.dcat.org",
        "emailAddress": "ego@gmail.com",
        "contactPhoneNumber": "+44(0)0124511234",
        "officeDesignation": "Research Officer",
        "publication": "Elselvier Journal of Science" },
      "organisation": {
        "id": "ORG_0190",
        "title": "Organisation for rare disease ",
        "name": "European Union on Rare Diseases",
        "description": "A website that collects information of rare diseases",
        "homepage": "www.rarediseases.org",
        "spatial": {
          "location": {
            "id": "LOC_8697",
            "streetAddress": "",
            "city": "Brussels",
            "country": "Germany",
            "continent": " EU",
            "region": {
              "enum": "international , Europe "
            }
          }
        }
      } },
    "description": "A multicenter registry for nasopharyngeal cancer in children, adolescents and young adults",
    "title": "A multicenter registry for nasopharyngeal cancer in children, adolescents and young adults",
    "releaseDate": "2020-09-11T12:15:26.736Z",
    "modificationDate": "2020-09-11T12:15:26.736Z",
    "referes to": "<https://ejprd.fair-dtls.surf-hosted.nl/orphanet-catalog-fdp/biobank/66ad4dbd-4da5-449f-9f0a-6609bd9dda5f/metrics/445c0a70d1e214e545b261559e2842f4>, <https://ejprd.fair-dtls.surf-hosted.nl/orphanet-catalog-fdp/biobank/66ad4dbd-4da5-449f-9f0a-6609bd9dda5f/metrics/5d27e854a9e78eb3f663331cd47cdc13> ",
    "language": "<http://id.loc.gov/vocabulary/iso639-1/en>",
    "metadataIdentifier": "<https://ejprd.fair-dtls.surf-hosted.nl/orphanet-catalog-fdp/biobank/66ad4dbd-4da5-449f-9f0a-6609bd9dda5f#identifier>",
    "publisher": {
      "person": {
        "id": "EBI09394092020",
        "surname": "John",
        "firstname": "Mathew",
        "workInfoHomepage": "www.dcat.org",
        "emailAddress": "ego@gmail.com",
        "contactPhoneNumber": "+44(0)0124511234",
        "officeDesignation": "Research Officer",
        "publication": "Elselvier Journal of Science"
      },
      "organisation": {
        "id": "ORG_0190",
        "title": "Organisation for rare disease ",
        "name": "European Union on Rare Diseases",
        "description": "A website that collects information of rare diseases",
        "homepage": "www.rarediseases.org",
        "spatial": {
          "location": {
            "id": "LOC_8697",
            "streetAddress": "",
            "city": "Brussels",
            "country": "Germany",
            "continent": " EU",
            "region": {
              "enum": "international , Europe "
            }
          }
        }
      }
    },
    "is about": "<https://www.ietf.org/rfc/rfc3986.txt> ",
    "refers to": "<https://www.ietf.org/rfc/rfc3986.txt> ",
    "isPartOf": "<https://ejprd.fair-dtls.surf-hosted.nl/orphanet-catalog-fdp/catalog/33f4999d-4852-4d87-ad15-5e29aba4f6dd>",
    "identifier": "",
    "theme": "<http://edamontology.org/topic_3337>",
    "type": "",
    "resourceRelation": "",
    "qualifiedRelation": "",
    "keyword": "Biobank",
    "landingPage": "<https://tinyurl.com/y573uezs>",
    "qualifiedAttribution": "",
    "license": "<http://rdflicense.appspot.com/rdflicense/cc-by-nc-nd3.0>",
    "rights": "",
    "hasPolicy": "",
    "isReferencedBy": ""

  }
}
