[
  {
    "@id": "_:b0",
    "@type": [
      "http://xmlns.com/foaf/0.1/Agent"
    ],
    "http://xmlns.com/foaf/0.1/name": [
      {
        "@value": "Orphanet"
      }
    ]
  },
  {
    "@id": "http://id.loc.gov/vocabulary/iso639-1/en"
  },
  {
    "@id": "http://purl.obolibrary.org/obo/ERO_0001843"
  },
  {
    "@id": "http://purl.obolibrary.org/obo/NCIT_C119669"
  },
  {
    "@id": "http://purl.obolibrary.org/obo/OMIABIS_0001002"
  },
  {
    "@id": "http://purl.org/biosemantics-lumc/ontologies/dcat-extension/PatientRegistry"
  },
  {
    "@id": "http://purl.org/dc/terms/RightsStatement"
  },
  {
    "@id": "http://purl.org/spar/datacite/Identifier"
  },
  {
    "@id": "http://rdflicense.appspot.com/rdflicense/cc-by-nc-nd3.0"
  },
  {
    "@id": "http://www.orpha.net/ORDO/Orphanet_217382"
  },
  {
    "@id": "http://www.orpha.net/ORDO/Orphanet_238455"
  },
  {
    "@id": "http://www.orpha.net/ORDO/Orphanet_3057"
  },
  {
    "@id": "http://www.orpha.net/ORDO/Orphanet_309819"
  },
  {
    "@id": "http://www.orpha.net/ORDO/Orphanet_309830"
  },
  {
    "@id": "http://www.orpha.net/ORDO/Orphanet_319651"
  },
  {
    "@id": "http://www.orpha.net/ORDO/Orphanet_352649"
  },
  {
    "@id": "http://www.orpha.net/ORDO/Orphanet_35705"
  },
  {
    "@id": "http://www.orpha.net/ORDO/Orphanet_407"
  },
  {
    "@id": "http://www.orpha.net/ORDO/Orphanet_79175"
  },
  {
    "@id": "http://www.orpha.net/consor/cgi-bin/OC_Exp.php?lng=en&Expert=431689"
  },
  {
    "@id": "http://www.w3.org/ns/dcat#Resource"
  },
  {
    "@id": "http://xmlns.com/foaf/0.1/Agent"
  },
  {
    "@id": "https://ejprd.fair-dtls.surf-hosted.nl/orphanet-catalog-fdp/catalog/33f4999d-4852-4d87-ad15-5e29aba4f6dd"
  },
  {
    "@id": "https://ejprd.fair-dtls.surf-hosted.nl/orphanet-catalog-fdp/patientRegistry/9aecf52b-e0a0-43db-85ef-3d56a4627670",
    "@type": [
      "http://purl.org/biosemantics-lumc/ontologies/dcat-extension/PatientRegistry",
      "http://www.w3.org/ns/dcat#Resource"
    ],
    "http://purl.org/dc/terms/accessRights": [
      {
        "@id": "https://ejprd.fair-dtls.surf-hosted.nl/orphanet-catalog-fdp/patientRegistry/9aecf52b-e0a0-43db-85ef-3d56a4627670#accessRights"
      }
    ],
    "http://purl.org/dc/terms/description": [
      {
        "@value": "iNTD  (International Working Group on Neurotransmitter Related Disorders) Registry"
      }
    ],
    "http://purl.org/dc/terms/hasVersion": [
      {
        "@value": "1"
      }
    ],
    "http://purl.org/dc/terms/isPartOf": [
      {
        "@id": "https://ejprd.fair-dtls.surf-hosted.nl/orphanet-catalog-fdp/catalog/33f4999d-4852-4d87-ad15-5e29aba4f6dd"
      }
    ],
    "http://purl.org/dc/terms/language": [
      {
        "@id": "http://id.loc.gov/vocabulary/iso639-1/en"
      }
    ],
    "http://purl.org/dc/terms/license": [
      {
        "@id": "http://rdflicense.appspot.com/rdflicense/cc-by-nc-nd3.0"
      }
    ],
    "http://purl.org/dc/terms/publisher": [
      {
        "@id": "_:b0"
      }
    ],
    "http://purl.org/dc/terms/title": [
      {
        "@value": "iNTD  (International Working Group on Neurotransmitter Related Disorders) Registry"
      }
    ],
    "http://rdf.biosemantics.org/ontologies/fdp-o#metadataIdentifier": [
      {
        "@id": "https://ejprd.fair-dtls.surf-hosted.nl/orphanet-catalog-fdp/patientRegistry/9aecf52b-e0a0-43db-85ef-3d56a4627670#identifier"
      }
    ],
    "http://rdf.biosemantics.org/ontologies/fdp-o#metadataIssued": [
      {
        "@value": "2020-09-11T12:20:16.192Z",
        "@type": "http://www.w3.org/2001/XMLSchema#dateTime"
      }
    ],
    "http://rdf.biosemantics.org/ontologies/fdp-o#metadataModified": [
      {
        "@value": "2020-09-11T12:20:16.192Z",
        "@type": "http://www.w3.org/2001/XMLSchema#dateTime"
      }
    ],
    "http://semanticscience.org/resource/SIO_000628": [
      {
        "@id": "https://ejprd.fair-dtls.surf-hosted.nl/orphanet-catalog-fdp/patientRegistry/9aecf52b-e0a0-43db-85ef-3d56a4627670/metrics/445c0a70d1e214e545b261559e2842f4"
      },
      {
        "@id": "https://ejprd.fair-dtls.surf-hosted.nl/orphanet-catalog-fdp/patientRegistry/9aecf52b-e0a0-43db-85ef-3d56a4627670/metrics/5d27e854a9e78eb3f663331cd47cdc13"
      }
    ],
    "http://www.w3.org/2000/01/rdf-schema#label": [
      {
        "@value": "iNTD  (International Working Group on Neurotransmitter Related Disorders) Registry"
      }
    ],
    "http://www.w3.org/ns/dcat#contactPoint": [
      {
        "@id": "mailto:contact.orphanet@inserm.fr"
      }
    ],
    "http://www.w3.org/ns/dcat#keyword": [
      {
        "@value": "Patient registry"
      }
    ],
    "http://www.w3.org/ns/dcat#landingPage": [
      {
        "@id": "http://www.orpha.net/consor/cgi-bin/OC_Exp.php?lng=en&Expert=431689"
      }
    ],
    "http://www.w3.org/ns/dcat#theme": [
      {
        "@id": "http://purl.obolibrary.org/obo/ERO_0001843"
      },
      {
        "@id": "http://purl.obolibrary.org/obo/NCIT_C119669"
      },
      {
        "@id": "http://purl.obolibrary.org/obo/OMIABIS_0001002"
      },
      {
        "@id": "http://www.orpha.net/ORDO/Orphanet_217382"
      },
      {
        "@id": "http://www.orpha.net/ORDO/Orphanet_238455"
      },
      {
        "@id": "http://www.orpha.net/ORDO/Orphanet_3057"
      },
      {
        "@id": "http://www.orpha.net/ORDO/Orphanet_309819"
      },
      {
        "@id": "http://www.orpha.net/ORDO/Orphanet_309830"
      },
      {
        "@id": "http://www.orpha.net/ORDO/Orphanet_319651"
      },
      {
        "@id": "http://www.orpha.net/ORDO/Orphanet_352649"
      },
      {
        "@id": "http://www.orpha.net/ORDO/Orphanet_35705"
      },
      {
        "@id": "http://www.orpha.net/ORDO/Orphanet_407"
      },
      {
        "@id": "http://www.orpha.net/ORDO/Orphanet_79175"
      }
    ]
  },
  {
    "@id": "https://ejprd.fair-dtls.surf-hosted.nl/orphanet-catalog-fdp/patientRegistry/9aecf52b-e0a0-43db-85ef-3d56a4627670#accessRights",
    "@type": [
      "http://purl.org/dc/terms/RightsStatement"
    ],
    "http://purl.org/dc/terms/description": [
      {
        "@value": "This resource has no access restriction"
      }
    ]
  },
  {
    "@id": "https://ejprd.fair-dtls.surf-hosted.nl/orphanet-catalog-fdp/patientRegistry/9aecf52b-e0a0-43db-85ef-3d56a4627670#identifier",
    "@type": [
      "http://purl.org/spar/datacite/Identifier"
    ],
    "http://purl.org/dc/terms/identifier": [
      {
        "@value": "https://ejprd.fair-dtls.surf-hosted.nl/orphanet-catalog-fdp/patientRegistry/9aecf52b-e0a0-43db-85ef-3d56a4627670"
      }
    ]
  },
  {
    "@id": "https://ejprd.fair-dtls.surf-hosted.nl/orphanet-catalog-fdp/patientRegistry/9aecf52b-e0a0-43db-85ef-3d56a4627670/metrics/445c0a70d1e214e545b261559e2842f4",
    "http://semanticscience.org/resource/SIO_000332": [
      {
        "@id": "https://www.ietf.org/rfc/rfc3986.txt"
      }
    ],
    "http://semanticscience.org/resource/SIO_000628": [
      {
        "@id": "https://www.ietf.org/rfc/rfc3986.txt"
      }
    ]
  },
  {
    "@id": "https://ejprd.fair-dtls.surf-hosted.nl/orphanet-catalog-fdp/patientRegistry/9aecf52b-e0a0-43db-85ef-3d56a4627670/metrics/5d27e854a9e78eb3f663331cd47cdc13",
    "http://semanticscience.org/resource/SIO_000332": [
      {
        "@id": "https://www.wikidata.org/wiki/Q8777"
      }
    ],
    "http://semanticscience.org/resource/SIO_000628": [
      {
        "@id": "https://www.wikidata.org/wiki/Q8777"
      }
    ]
  },
  {
    "@id": "https://www.ietf.org/rfc/rfc3986.txt"
  },
  {
    "@id": "https://www.wikidata.org/wiki/Q8777"
  },
  {
    "@id": "mailto:contact.orphanet@inserm.fr"
  }
]