{
  "@context": {
    "@vocab": "http://example.org/",
    "@base": "http://purl.org/ejp-rd/vocabulary/",
    "ejp": "http://purl.org/ejp-rd/vocabulary/",
    "rdf": "http://www.w3.org/1999/02/22-rdf-syntax-ns#",
    "rdfs": "http://www.w3.org/2000/01/rdf-schema#",
    "owl": "http://www.w3.org/2002/07/owl#",
    "xsd": "http://www.w3.org/2001/XMLSchema#",
    "dct": "http://purl.org/dc/terms/",
    "dc": "http://purl.org/dc/elements/1.1/",
    "dcat": "http://www.w3.org/ns/dcat#",
    "vcard": "http://www.w3.org/ns/dcat#",
    "foaf": "http://xmlns.com/foaf/0.1/",
    "afr": "http://purl.allotrope.org/ontologies/role#",
    "sio": "http://semanticscience.org/resource/",
    "iao": "http://purl.obolibrary.org/obo/",
    "hancestro": "http://purl.obolibrary.org/obo/HANCESTRO_",
    "ncit": "http://purl.obolibrary.org/obo/NCIT_",
    "so": "http://purl.obolibrary.org/obo/SO_"
  },

  "id": {"@id": "http://example.org/id",
         "@type": "id" },
  "enum": {"@type": "@id",
            "@id": "ncit:C45674" },
  "wasGeneratedBy": {"@type": "@id",
                     "@id": "prov:wasGeneratedBy"},
  "distribution": {"@type": "@id",
                    "@id": "dcat:distribution" },
  "spatial": {
    "@type": "dct:spatial",
    "@id": "dct:spatial",
    "location": {
      "@type": "dct:spatial",
      "@id": "ejp:location",
      "streetAddress": {
        "@type": "@id",
        "@id": "schema:streetAdress"
      }

    }
  },
  "value": { "@id": "rdf:value" },
  "label": {"@id": "rdfs:label" },

  "@type": "dcat:Dataset"
  }

