{
  "@context": {
    "@vocab": "http://example.org/",
    "@base": "http://purl.org/ejp-rd/vocabulary/",
    "  ex":       "http://example.org/",
    "afrl":      "http://purl.allotrope.org/ontologies/role#",
    "dc":        "http://purl.org/dc/elements/1.1/",
    "dcat":      "http://www.w3.org/ns/dcat#",
    "dct":        "http://purl.org/dc/terms/",
    "edam":      "http://edamontology.org/",
    "ejp":       "http://purl.org/ejp-rd/vocabulary/",
    "foaf":      "http://xmlns.com/foaf/0.1/",
    "iao":       "http://purl.obolibrary.org/obo/",
    "ncit":      "http://purl.obolibrary.org/obo/NCIT_",
    "obo":       "http://purl.obolibrary.org/obo/",
    "odrl":       "http://www.w3.org/ns/odrl/2/",
    "ql":        "http://semweb.mmlab.be/ns/ql#",
    "rdf":       "http://www.w3.org/1999/02/22-rdf-syntax-ns#",
    "rml":       "http://semweb.mmlab.be/ns/rml#",
    "rr":        "http://www.w3.org/ns/r2rml#",
    "schema":    "http://schema.org/",
    "sio":       "http://semanticscience.org/resource/",
    "xsd":       "http://www.w3.org/2001/XMLSchema#"
  },

  "Distribution": {
    "@id": "http://example.org/id",
    "@type": "id"
  },
  "title": {
    "@type": "@id",
    "@id": "sio:SIO_000185"
  },
  "conformsTo": {
    "@type": "@id",
    "@id": "sio:SIO_000116"
  },
  "mediaType": {
    "@type": "@id",
    "@id": "sio:SIO_000136"
  },
  "description": {
    "@type": "@id",
    "@id": "foaf:homepage"
  },


  "title": {
    "@type": "@id",
    "@id": "sio:SIO_000185",
    "@id": "dct:title"
  },

  "modificationDate": {
    "@type": "@id",
    "@id": "dct:modified"
  },
  "language": {
    "@type": "@id",
    "@id": "obo:OMIT_0008902"
  },
  "identifier": {
    "@type": "@id",
    "@id": "dct:identifier"
  },


  "theme": {
    "@type": "@id",
    "@id": "dcat:theme"
  },
  "downloadURL": {
    "@type": "@id",
    "@id": "dcat:downloadURL"
  },
  "accessURL": {
    "@type": "@id",
    "@id": "dcat:accessURL"
  },
  "hasPolicy": {
    "@type": "@id",
    "@id": "odrl:hasPolicy"
  },
  "rights": {
    "@type": "@id",
    "@id": "dct:rights"
  },


  "accessRights": {
    "@type": "@id",
    "@id": "edam:data_0968"
  },

  "license": {
    "@type": "@id",
    "@id": "dc:license"
  },


  "update": {
    "@type": "@id",
    "@id": "dct:modified"
  },


  "releaseDate": {
    "@type": "@id",
    "@id": "dct:issued"
  },


  "rights": {
    "@type": "@id",
    "@id": "dct:rights"
  },


  "rights": {
    "@type": "@id",
    "@id": "dct:rights"
  },


  "rights": {
    "@type": "@id",
    "@id": "dct:rights"
  },


  "rights": {
    "@type": "@id",
    "@id": "dct:rights"
  },


  "rights": {
    "@type": "@id",
    "@id": "dct:rights"
  },


  "value": {
    "@id": "rdf:value"
  },
  "label": {
    "@id": "rdfs:label"
  },
  "@type": "dcat:Distribution"
}