{
  "@context": {
    "@vocab": "http://example.org/",
    "@base": "http://purl.org/ejp-rd/vocabulary/",
    "   ex":       "http://example.org/",
    " afrl":      "http://purl.allotrope.org/ontologies/rol#",
    " dcat":      "http://www.w3.org/ns/dcat#",
    " ejp":       "http://purl.org/ejp-rd/vocabulary/",
    " foaf":      "http://xmlns.com/foaf/0.1/",
    " ncit":       "http://purl.obolibrary.org/obo/NCIT_",
    " ql":        "http://semweb.mmlab.be/ns/ql#",
    " rdf":       "http://www.w3.org/1999/02/22-rdf-syntax-ns#",
    " rml":       "http://semweb.mmlab.be/ns/rml#",
    " rr":        "http://www.w3.org/ns/r2rml#",
    " schema":    "http://schema.org/",
    " sio":       "http://semanticscience.org/resource/",
    " xsd":       "http://www.w3.org/2001/XMLSchema#",
     "afc":       " http://purl.allotrope.org/ontologies/common#AFC_"
  },
  "@type": "http://purl.org/ejp-rd/vocabulary/Location"
}
