{
  "@context": {
    "@vocab": "http://example.org/",
    "@base": "http://purl.org/ejp-rd/vocabulary/",
    "ejp": "http://purl.org/ejp-rd/vocabulary/",
    "rdf": "http://www.w3.org/1999/02/22-rdf-syntax-ns#",
    "rdfs": "http://www.w3.org/2000/01/rdf-schema#",
    "owl": "http://www.w3.org/2002/07/owl#",
    "xsd": "http://www.w3.org/2001/XMLSchema#",
    "dct": "http://purl.org/dc/terms/",
    "dc": "http://purl.org/dc/elements/1.1/",
    "dcat": "http://www.w3.org/ns/dcat#",
    "vcard": "http://www.w3.org/ns/dcat#",
    "foaf": "http://xmlns.com/foaf/0.1/",
    "afr": "http://purl.allotrope.org/ontologies/role#",
    "sio": "http://semanticscience.org/resource/",
    "iao": "http://purl.obolibrary.org/obo/",
    "hancestro": "http://purl.obolibrary.org/obo/HANCESTRO_",
    "ncit": "http://purl.obolibrary.org/obo/NCIT_",
    "so": "http://purl.obolibrary.org/obo/SO_"
  },
    "Person": {
    "@type": "@id",
    "@id":   "ex:id"
  },
    "lastname": {
      "@type": "@id",
      "@id": "sio:000182"
    },
    "family_name": {
      "@type": "@id",
      "@id": "sio:000182"
    },
    "last_name": {
      "@type": "@id",
      "@id": "sio:000182"
    },
    "Last name": {
      "@type": "@id",
      "@id": "sio:000182"
    },
    "last name": {
      "@type": "@id",
      "@id": "sio:000182"
    },
    "surname": {
      "@type": "@id",
      "@id": "sio:000182"
    },
    "emailAddress": {
      "@type": "@id",
      "@id": "iao:0000429"
    },
    "Email address": {
      "@type": "@id",
      "@id": "iao:0000429"
    },
    "Email Address": {
      "@type": "@id",
      "@id": "iao:0000429"
    },
    "email Address": {
      "@type": "@id",
      "@id": "iao:0000429"
    },
    "contactPhoneNumber": {
      "@type": "@id",
      "@id": "sio:001324"
    },
    "Position": {
      "@type": "@id",
      "@id": "afo:0000403"
    },
    "publication": {
      "@type": "@id",
      "@id": "sio:000087"
    },
    "workInfoHomepage": {
      "@type": "@id",
      "@id": "ncit:C19467"
    },
    "surname": {
      "@type": "@id",
      "@id": "ncit:C40975"
    },
    "first name": {
      "@type": "@id",
      "@id": "sio:000181"
    },
    "officeDesignation": {
      "@type": "@id",
      "@id": "afo:0000403"
    },
    "Post": {
      "@type": "@id",
      "@id": "afo:0000403"
    },
    "value": {
      "@id": "rdf:value"
    },
    "label": {
      "@id": "rdfs:label"
    },
   "@type": "foaf:Person"
}

